User,Timestamp,CPU,Memória,Disco,Rede,Processos,Data_Boot,uptime_min,indoor,Situacao
COD004,2025-10-01 08:00:00,59.81397165952528,57.68122243510676,75.75627301776287,0.1401074411038112,410,2025-10-01 00:00:00,480.0,0,Regular
COD004,2025-10-01 08:01:00,41.712732104291575,58.687787270371416,75.75627301776287,0.1401074411038112,410,2025-10-01 00:00:00,481.0,0,Regular
COD004,2025-10-01 08:02:00,58.21828280482223,59.10285891466886,75.75627301776287,0.1401074411038112,410,2025-10-01 00:00:00,482.0,0,Regular
COD004,2025-10-01 08:03:00,37.54238838189838,55.97107005080447,75.75627301776287,0.1401074411038112,410,2025-10-01 00:00:00,483.0,0,Regular
COD004,2025-10-01 08:04:00,80.36444977812533,60.30729748078883,75.75627301776287,0.1401074411038112,410,2025-10-01 00:00:00,484.0,0,Regular
COD004,2025-10-01 08:05:00,41.40286962482956,60.22349672961755,75.75627301776287,0.1401074411038112,410,2025-10-01 00:00:00,485.0,0,Regular
COD004,2025-10-01 08:06:00,44.01606263336395,55.68858529887728,75.75627301776287,0.1401074411038112,410,2025-10-01 00:00:00,486.0,0,Regular
COD004,2025-10-01 08:07:00,49.58213658606407,59.91559998327622,75.75627301776287,0.1401074411038112,410,2025-10-01 00:00:00,487.0,0,Regular
COD004,2025-10-01 08:08:00,52.130853202267716,59.881765086866416,75.75627301776287,0.1401074411038112,410,2025-10-01 00:00:00,488.0,0,Regular
COD004,2025-10-01 08:09:00,80.59422615680002,58.582185217437065,75.75627301776287,0.1401074411038112,410,2025-10-01 00:00:00,489.0,0,Regular
COD004,2025-10-01 08:10:00,54.52396721024271,56.98245416997154,75.75627301776287,0.1401074411038112,410,2025-10-01 00:00:00,490.0,0,Regular
COD004,2025-10-01 08:11:00,70.79113503309316,59.844696507919274,75.75627301776287,0.1401074411038112,410,2025-10-01 00:00:00,491.0,0,Regular
COD004,2025-10-01 08:12:00,73.88240080528021,58.29583298867772,75.75627301776287,0.1401074411038112,410,2025-10-01 00:00:00,492.0,0,Regular
COD004,2025-10-01 08:13:00,33.730827689127324,59.27652883758147,75.75627301776287,0.1401074411038112,410,2025-10-01 00:00:00,493.0,0,Regular
COD004,2025-10-01 08:14:00,63.870535311328574,61.345167358766005,75.75627301776287,0.1401074411038112,410,2025-10-01 00:00:00,494.0,0,Regular
COD004,2025-10-01 08:15:00,54.808575321529865,58.917624810392034,75.75627301776287,0.1401074411038112,410,2025-10-01 00:00:00,495.0,0,Regular
COD004,2025-10-01 08:16:00,50.88403296164343,57.477205107657106,75.75627301776287,0.1401074411038112,410,2025-10-01 00:00:00,496.0,0,Regular
COD004,2025-10-01 08:17:00,52.37996469605358,58.199631076900474,75.75627301776287,0.1401074411038112,410,2025-10-01 00:00:00,497.0,0,Regular
COD004,2025-10-01 08:18:00,43.28774816935833,57.64296012136339,75.75627301776287,0.1401074411038112,410,2025-10-01 00:00:00,498.0,0,Regular
COD004,2025-10-01 08:19:00,66.56225970094786,59.15862787738762,75.75627301776287,0.1401074411038112,410,2025-10-01 00:00:00,499.0,0,Regular
COD004,2025-10-01 08:20:00,63.991861690511286,57.63065508400649,75.75627301776287,0.1401074411038112,410,2025-10-01 00:00:00,500.0,0,Regular
COD004,2025-10-01 08:21:00,52.73517083035164,58.046630228597095,75.75627301776287,0.1401074411038112,410,2025-10-01 00:00:00,501.0,0,Regular
COD004,2025-10-01 08:22:00,75.24134993362411,57.04763864385345,75.75627301776287,0.1401074411038112,410,2025-10-01 00:00:00,502.0,0,Regular
COD004,2025-10-01 08:23:00,68.00139465521839,58.47605504779958,75.75627301776287,0.1401074411038112,410,2025-10-01 00:00:00,503.0,0,Regular
COD004,2025-10-01 08:24:00,34.25138021089272,58.86190351114258,75.75627301776287,0.1401074411038112,410,2025-10-01 00:00:00,504.0,0,Regular
COD004,2025-10-01 08:25:00,35.10662654602079,55.329156560384035,75.75627301776287,0.1401074411038112,410,2025-10-01 00:00:00,505.0,0,Regular
COD004,2025-10-01 08:26:00,35.69992911073809,58.9725075086108,75.75627301776287,0.1401074411038112,410,2025-10-01 00:00:00,506.0,0,Regular
COD004,2025-10-01 08:27:00,45.86234709820056,58.59930910098562,75.75627301776287,0.1401074411038112,410,2025-10-01 00:00:00,507.0,0,Regular
COD004,2025-10-01 08:28:00,41.23591822406155,57.71438453795868,75.75627301776287,0.1401074411038112,410,2025-10-01 00:00:00,508.0,0,Regular
COD004,2025-10-01 08:29:00,62.296525151013995,61.17141993701881,75.75627301776287,0.1401074411038112,410,2025-10-01 00:00:00,509.0,0,Regular
COD004,2025-10-01 08:30:00,48.34558528411815,59.852831574740726,75.75627301776287,0.1401074411038112,410,2025-10-01 00:00:00,510.0,0,Regular
COD004,2025-10-01 08:31:00,55.00637230638083,57.31712111373812,75.75627301776287,0.1401074411038112,410,2025-10-01 00:00:00,511.0,0,Regular
COD004,2025-10-01 08:32:00,61.94238990670311,59.71245536977118,75.75627301776287,0.1401074411038112,410,2025-10-01 00:00:00,512.0,0,Regular
COD004,2025-10-01 08:33:00,57.01924593672682,60.21871420858327,75.75627301776287,0.1401074411038112,410,2025-10-01 00:00:00,513.0,0,Regular
COD004,2025-10-01 08:34:00,50.234578346898864,58.84781244697655,75.75627301776287,0.1401074411038112,410,2025-10-01 00:00:00,514.0,0,Regular
COD004,2025-10-01 08:35:00,64.89958049770327,59.13549694428814,75.75627301776287,0.1401074411038112,410,2025-10-01 00:00:00,515.0,0,Regular
COD004,2025-10-01 08:36:00,47.83392567194958,59.11107106693634,75.75627301776287,0.1401074411038112,410,2025-10-01 00:00:00,516.0,0,Regular
COD004,2025-10-01 08:37:00,31.080978621682085,56.11892618499206,75.75627301776287,0.1401074411038112,410,2025-10-01 00:00:00,517.0,0,Regular
COD004,2025-10-01 08:38:00,39.142390678397085,58.47014376491416,75.75627301776287,0.1401074411038112,410,2025-10-01 00:00:00,518.0,0,Regular
COD004,2025-10-01 08:39:00,43.846524440534154,58.40993831392899,75.75627301776287,0.1401074411038112,410,2025-10-01 00:00:00,519.0,0,Regular
COD004,2025-10-01 08:40:00,65.90156222818118,60.47702695340926,75.75627301776287,0.1401074411038112,410,2025-10-01 00:00:00,520.0,0,Regular
COD004,2025-10-01 08:41:00,65.62207644800199,59.12596222598373,75.75627301776287,0.1401074411038112,410,2025-10-01 00:00:00,521.0,0,Regular
COD004,2025-10-01 08:42:00,75.42315535685492,58.34974743744501,75.75627301776287,0.1401074411038112,410,2025-10-01 00:00:00,522.0,0,Regular
COD004,2025-10-01 08:43:00,59.27867721531697,58.61032040675636,75.75627301776287,0.1401074411038112,410,2025-10-01 00:00:00,523.0,0,Regular
COD004,2025-10-01 08:44:00,55.29815918505998,59.99073916551271,75.75627301776287,0.1401074411038112,410,2025-10-01 00:00:00,524.0,0,Regular
COD004,2025-10-01 08:45:00,58.5117419307843,58.501807942850036,75.75627301776287,0.1401074411038112,410,2025-10-01 00:00:00,525.0,0,Regular
COD004,2025-10-01 08:46:00,55.619153236728685,57.87110490772002,75.75627301776287,0.1401074411038112,410,2025-10-01 00:00:00,526.0,0,Regular
COD004,2025-10-01 08:47:00,93.14513953377042,58.39742667617105,75.75627301776287,0.1401074411038112,410,2025-10-01 00:00:00,527.0,0,Crítico
COD004,2025-10-01 08:48:00,41.173255422149474,59.90501502038609,75.75627301776287,0.1401074411038112,410,2025-10-01 00:00:00,528.0,0,Regular
COD004,2025-10-01 08:49:00,74.79237512250481,59.359694409940296,75.75627301776287,0.1401074411038112,410,2025-10-01 00:00:00,529.0,0,Regular
COD004,2025-10-01 08:50:00,57.90982975543045,58.80526980168075,75.75627301776287,0.1401074411038112,410,2025-10-01 00:00:00,530.0,0,Regular
COD004,2025-10-01 08:51:00,68.19342801941316,58.99141716073506,75.75627301776287,0.1401074411038112,410,2025-10-01 00:00:00,531.0,0,Regular
COD004,2025-10-01 08:52:00,48.794165391162096,58.06695288925723,75.75627301776287,0.1401074411038112,410,2025-10-01 00:00:00,532.0,0,Regular
COD004,2025-10-01 08:53:00,84.48163764017636,58.52319312767413,75.75627301776287,0.1401074411038112,410,2025-10-01 00:00:00,533.0,0,Regular
COD004,2025-10-01 08:54:00,59.42096001993647,57.947190444907946,75.75627301776287,0.1401074411038112,410,2025-10-01 00:00:00,534.0,0,Regular
COD004,2025-10-01 08:55:00,71.05851898803611,58.40680739122677,75.75627301776287,0.1401074411038112,410,2025-10-01 00:00:00,535.0,0,Regular
COD004,2025-10-01 08:56:00,55.60419243821852,60.43915092046375,75.75627301776287,0.1401074411038112,410,2025-10-01 00:00:00,536.0,0,Regular
COD004,2025-10-01 08:57:00,55.75743600982092,57.44714502775905,75.75627301776287,0.1401074411038112,410,2025-10-01 00:00:00,537.0,0,Regular
COD004,2025-10-01 08:58:00,62.64554770590403,57.93225955092253,75.75627301776287,0.1401074411038112,410,2025-10-01 00:00:00,538.0,0,Regular
COD004,2025-10-01 08:59:00,58.65385752709317,57.23732119203266,75.75627301776287,0.1401074411038112,410,2025-10-01 00:00:00,539.0,0,Regular
COD004,2025-10-01 09:00:00,80.99697257431893,56.97371136273737,75.75627301776287,0.1401074411038112,410,2025-10-01 00:00:00,540.0,0,Regular
COD004,2025-10-01 09:01:00,68.72366650800421,58.56502450067587,75.75627301776287,0.1401074411038112,410,2025-10-01 00:00:00,541.0,0,Regular
COD004,2025-10-01 09:02:00,68.8839405613451,58.036629637915475,75.75627301776287,0.1401074411038112,410,2025-10-01 00:00:00,542.0,0,Regular
COD004,2025-10-01 09:03:00,75.46726102442737,60.9815621050804,75.75627301776287,0.1401074411038112,410,2025-10-01 00:00:00,543.0,0,Regular
COD004,2025-10-01 09:04:00,62.4709389628564,58.4586362555455,75.75627301776287,0.1401074411038112,410,2025-10-01 00:00:00,544.0,0,Regular
COD004,2025-10-01 09:05:00,76.29551639273265,60.406049109820756,75.75627301776287,0.1401074411038112,410,2025-10-01 00:00:00,545.0,0,Regular
COD004,2025-10-01 09:06:00,57.329567779402204,60.012930589647866,75.75627301776287,0.1401074411038112,410,2025-10-01 00:00:00,546.0,0,Regular
COD004,2025-10-01 09:07:00,65.16276910701686,58.56232725076436,75.75627301776287,0.1401074411038112,410,2025-10-01 00:00:00,547.0,0,Regular
COD004,2025-10-01 09:08:00,49.39860603928686,61.43284216607908,75.75627301776287,0.1401074411038112,410,2025-10-01 00:00:00,548.0,0,Regular
COD004,2025-10-01 09:09:00,50.54140129781408,59.16074259389175,75.75627301776287,0.1401074411038112,410,2025-10-01 00:00:00,549.0,0,Regular
COD004,2025-10-01 09:10:00,65.03528221933756,60.70303403940218,75.75627301776287,0.1401074411038112,410,2025-10-01 00:00:00,550.0,0,Regular
COD004,2025-10-01 09:11:00,72.55767465137336,60.563268344615686,75.75627301776287,0.1401074411038112,410,2025-10-01 00:00:00,551.0,0,Regular
COD004,2025-10-01 09:12:00,96.99392027456572,59.35369949621075,75.75627301776287,0.1401074411038112,410,2025-10-01 00:00:00,552.0,0,Crítico
COD004,2025-10-01 09:13:00,40.18468725289593,59.77371231450928,75.75627301776287,0.1401074411038112,410,2025-10-01 00:00:00,553.0,0,Regular
COD004,2025-10-01 09:14:00,76.23183298474595,59.62078685570892,75.75627301776287,0.1401074411038112,410,2025-10-01 00:00:00,554.0,0,Regular
COD004,2025-10-01 09:15:00,90.73593966079383,57.4392474574211,75.75627301776287,0.1401074411038112,410,2025-10-01 00:00:00,555.0,0,Crítico
COD004,2025-10-01 09:16:00,69.53118450494024,58.92848546472518,75.75627301776287,0.1401074411038112,410,2025-10-01 00:00:00,556.0,0,Regular
COD004,2025-10-01 09:17:00,56.24973609226328,60.18956416777685,75.75627301776287,0.1401074411038112,410,2025-10-01 00:00:00,557.0,0,Regular
COD004,2025-10-01 09:18:00,65.62056660952493,60.752280874880256,75.75627301776287,0.1401074411038112,410,2025-10-01 00:00:00,558.0,0,Regular
COD004,2025-10-01 09:19:00,55.72210832872385,57.97932395223695,75.75627301776287,0.1401074411038112,410,2025-10-01 00:00:00,559.0,0,Regular
COD004,2025-10-01 09:20:00,56.81917448947892,59.527790075662146,75.75627301776287,0.1401074411038112,410,2025-10-01 00:00:00,560.0,0,Regular
COD004,2025-10-01 09:21:00,53.57005965792399,59.06475017023228,75.75627301776287,0.1401074411038112,410,2025-10-01 00:00:00,561.0,0,Regular
COD004,2025-10-01 09:22:00,77.5583170973036,58.73670224279839,75.75627301776287,0.1401074411038112,410,2025-10-01 00:00:00,562.0,0,Regular
COD004,2025-10-01 09:23:00,55.341519935832515,59.32653383634339,75.75627301776287,0.1401074411038112,410,2025-10-01 00:00:00,563.0,0,Regular
COD004,2025-10-01 09:24:00,77.34859341483674,59.1600793862046,75.75627301776287,0.1401074411038112,410,2025-10-01 00:00:00,564.0,0,Regular
COD004,2025-10-01 09:25:00,60.415253590537596,59.56393434174777,75.75627301776287,0.1401074411038112,410,2025-10-01 00:00:00,565.0,0,Regular
COD004,2025-10-01 09:26:00,36.10971640964095,60.68083650315552,75.75627301776287,0.1401074411038112,410,2025-10-01 00:00:00,566.0,0,Regular
COD004,2025-10-01 09:27:00,62.864607951804906,59.87217628893002,75.75627301776287,0.1401074411038112,410,2025-10-01 00:00:00,567.0,0,Regular
COD004,2025-10-01 09:28:00,69.19653821694274,59.291005382587905,75.75627301776287,0.1401074411038112,410,2025-10-01 00:00:00,568.0,0,Regular
COD004,2025-10-01 09:29:00,62.81546122483333,61.215911156854574,75.75627301776287,0.1401074411038112,410,2025-10-01 00:00:00,569.0,0,Regular
COD004,2025-10-01 09:30:00,57.592139860661845,60.287227567129335,75.75627301776287,0.1401074411038112,410,2025-10-01 00:00:00,570.0,0,Regular
COD004,2025-10-01 09:31:00,53.89745513496115,58.80527011650751,75.75627301776287,0.1401074411038112,410,2025-10-01 00:00:00,571.0,0,Regular
COD004,2025-10-01 09:32:00,47.55302695644695,57.41923376931306,75.75627301776287,0.1401074411038112,410,2025-10-01 00:00:00,572.0,0,Regular
COD004,2025-10-01 09:33:00,92.72887266188184,57.70675586500355,75.75627301776287,0.1401074411038112,410,2025-10-01 00:00:00,573.0,0,Crítico
COD004,2025-10-01 09:34:00,60.405384970476874,60.085309892739375,75.75627301776287,0.1401074411038112,410,2025-10-01 00:00:00,574.0,0,Regular
COD004,2025-10-01 09:35:00,41.35076988033918,58.15688836226456,75.75627301776287,0.1401074411038112,410,2025-10-01 00:00:00,575.0,0,Regular
COD004,2025-10-01 09:36:00,74.96360990286198,57.69411801691089,75.75627301776287,0.1401074411038112,410,2025-10-01 00:00:00,576.0,0,Regular
COD004,2025-10-01 09:37:00,49.01507676352274,58.007201122835866,75.75627301776287,0.1401074411038112,410,2025-10-01 00:00:00,577.0,0,Regular
COD004,2025-10-01 09:38:00,68.73367471813974,58.09870757687714,75.75627301776287,0.1401074411038112,410,2025-10-01 00:00:00,578.0,0,Regular
COD004,2025-10-01 09:39:00,78.34834885722852,60.00383510400012,75.75627301776287,0.1401074411038112,410,2025-10-01 00:00:00,579.0,0,Regular
COD004,2025-10-01 09:40:00,41.8105189329086,58.76282138095435,75.75627301776287,0.1401074411038112,410,2025-10-01 00:00:00,580.0,0,Regular
COD004,2025-10-01 09:41:00,47.163718780777,57.26441958065118,75.75627301776287,0.1401074411038112,410,2025-10-01 00:00:00,581.0,0,Regular
COD004,2025-10-01 09:42:00,59.87697429454155,59.00316608025552,75.75627301776287,0.1401074411038112,410,2025-10-01 00:00:00,582.0,0,Regular
COD004,2025-10-01 09:43:00,85.81498379234601,59.243635526327274,75.75627301776287,0.1401074411038112,410,2025-10-01 00:00:00,583.0,0,Crítico
COD004,2025-10-01 09:44:00,65.05543874867924,58.38057422588036,75.75627301776287,0.1401074411038112,410,2025-10-01 00:00:00,584.0,0,Regular
COD004,2025-10-01 09:45:00,75.90367226233467,60.405828550683424,75.75627301776287,0.1401074411038112,410,2025-10-01 00:00:00,585.0,0,Regular
COD004,2025-10-01 09:46:00,58.3569286169502,58.460994123905586,75.75627301776287,0.1401074411038112,410,2025-10-01 00:00:00,586.0,0,Regular
COD004,2025-10-01 09:47:00,61.381130156140905,60.355299967304774,75.75627301776287,0.1401074411038112,410,2025-10-01 00:00:00,587.0,0,Regular
COD004,2025-10-01 09:48:00,87.62156446963593,59.72713810229952,75.75627301776287,0.1401074411038112,410,2025-10-01 00:00:00,588.0,0,Crítico
COD004,2025-10-01 09:49:00,62.71951706353319,60.138918994564136,75.75627301776287,0.1401074411038112,410,2025-10-01 00:00:00,589.0,0,Regular
COD004,2025-10-01 09:50:00,92.92774593105403,57.639945747384544,75.75627301776287,0.1401074411038112,410,2025-10-01 00:00:00,590.0,0,Crítico
COD004,2025-10-01 09:51:00,64.69704070064793,59.12338598422754,75.75627301776287,0.1401074411038112,410,2025-10-01 00:00:00,591.0,0,Regular
COD004,2025-10-01 09:52:00,86.74930464142098,58.94069917296684,75.75627301776287,0.1401074411038112,410,2025-10-01 00:00:00,592.0,0,Crítico
COD004,2025-10-01 09:53:00,84.98260796978191,57.252514521835536,75.75627301776287,0.1401074411038112,410,2025-10-01 00:00:00,593.0,0,Regular
COD004,2025-10-01 09:54:00,94.64441201446655,60.380089648657645,75.75627301776287,0.1401074411038112,410,2025-10-01 00:00:00,594.0,0,Crítico
COD004,2025-10-01 09:55:00,57.17441758510766,58.00804707804377,75.75627301776287,0.1401074411038112,410,2025-10-01 00:00:00,595.0,0,Regular
COD004,2025-10-01 09:56:00,62.75498242972219,58.26904875017998,75.75627301776287,0.1401074411038112,410,2025-10-01 00:00:00,596.0,0,Regular
COD004,2025-10-01 09:57:00,85.8461934438179,57.77413621382246,75.75627301776287,0.1401074411038112,410,2025-10-01 00:00:00,597.0,0,Crítico
COD004,2025-10-01 09:58:00,63.636836638834055,59.89738088564423,75.75627301776287,0.1401074411038112,410,2025-10-01 00:00:00,598.0,0,Regular
COD004,2025-10-01 09:59:00,72.43176535248365,57.14878545421831,75.75627301776287,0.1401074411038112,410,2025-10-01 00:00:00,599.0,0,Regular
COD004,2025-10-01 10:00:00,81.45973446692194,59.80264783999545,75.75627301776287,0.1401074411038112,410,2025-10-01 00:00:00,600.0,0,Regular
COD004,2025-10-01 10:01:00,80.5605241415833,60.33409387361817,75.75627301776287,0.1401074411038112,410,2025-10-01 00:00:00,601.0,0,Regular
COD004,2025-10-01 10:02:00,73.0448634273244,59.71114712316669,75.75627301776287,0.1401074411038112,410,2025-10-01 00:00:00,602.0,0,Regular
COD004,2025-10-01 10:03:00,74.07272719139723,59.93212339265543,75.75627301776287,0.1401074411038112,410,2025-10-01 00:00:00,603.0,0,Regular
COD004,2025-10-01 10:04:00,54.36252936528858,59.9942340230197,75.75627301776287,0.1401074411038112,410,2025-10-01 00:00:00,604.0,0,Regular
COD004,2025-10-01 10:05:00,74.55771189268953,57.88606611878821,75.75627301776287,0.1401074411038112,410,2025-10-01 00:00:00,605.0,0,Regular
COD004,2025-10-01 10:06:00,62.77363713642883,60.837007021486386,75.75627301776287,0.1401074411038112,410,2025-10-01 00:00:00,606.0,0,Regular
COD004,2025-10-01 10:07:00,68.80676222081429,58.49914033651224,75.75627301776287,0.1401074411038112,410,2025-10-01 00:00:00,607.0,0,Regular
COD004,2025-10-01 10:08:00,77.50258016837887,58.98985949128004,75.75627301776287,0.1401074411038112,410,2025-10-01 00:00:00,608.0,0,Regular
COD004,2025-10-01 10:09:00,75.0308170317514,58.66489486113946,75.75627301776287,0.1401074411038112,410,2025-10-01 00:00:00,609.0,0,Regular
COD004,2025-10-01 10:10:00,64.81022465029874,59.6877006480256,75.75627301776287,0.1401074411038112,410,2025-10-01 00:00:00,610.0,0,Regular
COD004,2025-10-01 10:11:00,46.63420161946124,58.419260554103396,75.75627301776287,0.1401074411038112,410,2025-10-01 00:00:00,611.0,0,Regular
COD004,2025-10-01 10:12:00,70.25914660692176,59.171102421778635,75.75627301776287,0.1401074411038112,410,2025-10-01 00:00:00,612.0,0,Regular
COD004,2025-10-01 10:13:00,78.28731317327743,57.565629628628784,75.75627301776287,0.1401074411038112,410,2025-10-01 00:00:00,613.0,0,Regular
COD004,2025-10-01 10:14:00,72.92666856743364,60.5361607843292,75.75627301776287,0.1401074411038112,410,2025-10-01 00:00:00,614.0,0,Regular
COD004,2025-10-01 10:15:00,80.5598654969669,59.9297903958157,75.75627301776287,0.1401074411038112,410,2025-10-01 00:00:00,615.0,0,Regular
COD004,2025-10-01 10:16:00,87.72638081839582,58.743641520910664,75.75627301776287,0.1401074411038112,410,2025-10-01 00:00:00,616.0,0,Crítico
COD004,2025-10-01 10:17:00,62.72138303021484,58.52912638550935,75.75627301776287,0.1401074411038112,410,2025-10-01 00:00:00,617.0,0,Regular
COD004,2025-10-01 10:18:00,82.39301405586586,59.90987509906992,75.75627301776287,0.1401074411038112,410,2025-10-01 00:00:00,618.0,0,Regular
COD004,2025-10-01 10:19:00,86.258023415034,58.2430199681552,75.75627301776287,0.1401074411038112,410,2025-10-01 00:00:00,619.0,0,Crítico
COD004,2025-10-01 10:20:00,100.0,59.276306116906994,75.75627301776287,0.1401074411038112,410,2025-10-01 00:00:00,620.0,0,Crítico
COD004,2025-10-01 10:21:00,77.83333277187452,60.56096348788646,75.75627301776287,0.1401074411038112,410,2025-10-01 00:00:00,621.0,0,Regular
COD004,2025-10-01 10:22:00,32.60767098975916,58.126880787367675,75.75627301776287,0.1401074411038112,410,2025-10-01 00:00:00,622.0,0,Regular
COD004,2025-10-01 10:23:00,85.70089611382585,59.58930521141382,75.75627301776287,0.1401074411038112,410,2025-10-01 00:00:00,623.0,0,Crítico
COD004,2025-10-01 10:24:00,79.09702513104273,59.52807101655351,75.75627301776287,0.1401074411038112,410,2025-10-01 00:00:00,624.0,0,Regular
COD004,2025-10-01 10:25:00,63.15897468009571,59.02164627875417,75.75627301776287,0.1401074411038112,410,2025-10-01 00:00:00,625.0,0,Regular
COD004,2025-10-01 10:26:00,74.0245993456051,58.52339066066878,75.75627301776287,0.1401074411038112,410,2025-10-01 00:00:00,626.0,0,Regular
COD004,2025-10-01 10:27:00,74.19218837955982,60.65168374894271,75.75627301776287,0.1401074411038112,410,2025-10-01 00:00:00,627.0,0,Regular
COD004,2025-10-01 10:28:00,92.44492785345946,58.41571975281328,75.75627301776287,0.1401074411038112,410,2025-10-01 00:00:00,628.0,0,Crítico
COD004,2025-10-01 10:29:00,52.6731270883933,56.91875450482503,75.75627301776287,0.1401074411038112,410,2025-10-01 00:00:00,629.0,0,Regular
COD004,2025-10-01 10:30:00,72.64437894796193,59.95425410587721,75.75627301776287,0.1401074411038112,410,2025-10-01 00:00:00,630.0,0,Regular
COD004,2025-10-01 10:31:00,73.12632377703285,57.68186364630821,75.75627301776287,0.1401074411038112,410,2025-10-01 00:00:00,631.0,0,Regular
COD004,2025-10-01 10:32:00,69.25704964447802,60.02595968166214,75.75627301776287,0.1401074411038112,410,2025-10-01 00:00:00,632.0,0,Regular
COD004,2025-10-01 10:33:00,72.7835461543744,60.82485500095575,75.75627301776287,0.1401074411038112,410,2025-10-01 00:00:00,633.0,0,Regular
COD004,2025-10-01 10:34:00,72.848653736064,59.95740543632201,75.75627301776287,0.1401074411038112,410,2025-10-01 00:00:00,634.0,0,Regular
COD004,2025-10-01 10:35:00,64.52451331923949,60.50741895575418,75.75627301776287,0.1401074411038112,410,2025-10-01 00:00:00,635.0,0,Regular
COD004,2025-10-01 10:36:00,84.86036917227975,61.68405528278629,75.75627301776287,0.1401074411038112,410,2025-10-01 00:00:00,636.0,0,Regular
COD004,2025-10-01 10:37:00,63.67090453940574,60.38631051840591,75.75627301776287,0.1401074411038112,410,2025-10-01 00:00:00,637.0,0,Regular
COD004,2025-10-01 10:38:00,68.58865582333047,59.604103299906285,75.75627301776287,0.1401074411038112,410,2025-10-01 00:00:00,638.0,0,Regular
COD004,2025-10-01 10:39:00,80.37136698633192,61.21919454145648,75.75627301776287,0.1401074411038112,410,2025-10-01 00:00:00,639.0,0,Regular
COD004,2025-10-01 10:40:00,77.41077312322221,61.37265716005163,75.75627301776287,0.1401074411038112,410,2025-10-01 00:00:00,640.0,0,Regular
COD004,2025-10-01 10:41:00,62.223502445113695,61.39407651072989,75.75627301776287,0.1401074411038112,410,2025-10-01 00:00:00,641.0,0,Regular
COD004,2025-10-01 10:42:00,67.91639162387094,58.603705201838984,75.75627301776287,0.1401074411038112,410,2025-10-01 00:00:00,642.0,0,Regular
COD004,2025-10-01 10:43:00,56.25934015906122,57.542547895517224,75.75627301776287,0.1401074411038112,410,2025-10-01 00:00:00,643.0,0,Regular
COD004,2025-10-01 10:44:00,69.87667071686127,58.53648904789573,75.75627301776287,0.1401074411038112,410,2025-10-01 00:00:00,644.0,0,Regular
COD004,2025-10-01 10:45:00,89.70584004428426,60.09405562374161,75.75627301776287,0.1401074411038112,410,2025-10-01 00:00:00,645.0,0,Crítico
COD004,2025-10-01 10:46:00,100.0,59.42519504305173,75.75627301776287,0.1401074411038112,410,2025-10-01 00:00:00,646.0,0,Crítico
COD004,2025-10-01 10:47:00,75.64117635621247,58.97738408894267,75.75627301776287,0.1401074411038112,410,2025-10-01 00:00:00,647.0,0,Regular
COD004,2025-10-01 10:48:00,60.10294939512208,59.92946959554415,75.75627301776287,0.1401074411038112,410,2025-10-01 00:00:00,648.0,0,Regular
COD004,2025-10-01 10:49:00,77.97457861390829,57.422919505673086,75.75627301776287,0.1401074411038112,410,2025-10-01 00:00:00,649.0,0,Regular
COD004,2025-10-01 10:50:00,58.74931511897395,59.419439839804,75.75627301776287,0.1401074411038112,410,2025-10-01 00:00:00,650.0,0,Regular
COD004,2025-10-01 10:51:00,90.74562207151322,60.63148823565322,75.75627301776287,0.1401074411038112,410,2025-10-01 00:00:00,651.0,0,Crítico
COD004,2025-10-01 10:52:00,82.39612401355087,59.93214872329521,75.75627301776287,0.1401074411038112,410,2025-10-01 00:00:00,652.0,0,Regular
COD004,2025-10-01 10:53:00,88.69792008444068,60.11239152640774,75.75627301776287,0.1401074411038112,410,2025-10-01 00:00:00,653.0,0,Crítico
COD004,2025-10-01 10:54:00,81.3599520265911,61.23578735500256,75.75627301776287,0.1401074411038112,410,2025-10-01 00:00:00,654.0,0,Regular
COD004,2025-10-01 10:55:00,70.88012957257493,59.183801486517396,75.75627301776287,0.1401074411038112,410,2025-10-01 00:00:00,655.0,0,Regular
COD004,2025-10-01 10:56:00,84.46012225901404,58.46245329319223,75.75627301776287,0.1401074411038112,410,2025-10-01 00:00:00,656.0,0,Regular
COD004,2025-10-01 10:57:00,78.52956026560386,60.744035179355244,75.75627301776287,0.1401074411038112,410,2025-10-01 00:00:00,657.0,0,Regular
COD004,2025-10-01 10:58:00,81.3360985513919,60.72541968657918,75.75627301776287,0.1401074411038112,410,2025-10-01 00:00:00,658.0,0,Regular
COD004,2025-10-01 10:59:00,76.52703055485895,59.97208309661942,75.75627301776287,0.1401074411038112,410,2025-10-01 00:00:00,659.0,0,Regular
COD004,2025-10-01 11:00:00,77.31532617724511,59.08793602990134,75.75627301776287,0.1401074411038112,410,2025-10-01 00:00:00,660.0,0,Regular
COD004,2025-10-01 11:01:00,86.10673664364008,59.291979835267114,75.75627301776287,0.1401074411038112,410,2025-10-01 00:00:00,661.0,0,Crítico
COD004,2025-10-01 11:02:00,94.17593492779747,57.71630321778723,75.75627301776287,0.1401074411038112,410,2025-10-01 00:00:00,662.0,0,Crítico
COD004,2025-10-01 11:03:00,68.02273618571178,60.67411649795736,75.75627301776287,0.1401074411038112,410,2025-10-01 00:00:00,663.0,0,Regular
COD004,2025-10-01 11:04:00,72.41929510891163,60.63461160519927,75.75627301776287,0.1401074411038112,410,2025-10-01 00:00:00,664.0,0,Regular
COD004,2025-10-01 11:05:00,69.62984867635274,57.68551470704431,75.75627301776287,0.1401074411038112,410,2025-10-01 00:00:00,665.0,0,Regular
COD004,2025-10-01 11:06:00,100.0,60.38326784232924,75.75627301776287,0.1401074411038112,410,2025-10-01 00:00:00,666.0,0,Crítico
COD004,2025-10-01 11:07:00,93.3787652767398,59.81446423221238,75.75627301776287,0.1401074411038112,410,2025-10-01 00:00:00,667.0,0,Crítico
COD004,2025-10-01 11:08:00,73.89760152928949,58.05595458617822,75.75627301776287,0.1401074411038112,410,2025-10-01 00:00:00,668.0,0,Regular
COD004,2025-10-01 11:09:00,97.20383840690234,57.83261833809568,75.75627301776287,0.1401074411038112,410,2025-10-01 00:00:00,669.0,0,Crítico
COD004,2025-10-01 11:10:00,70.31394940844265,59.78899226760178,75.75627301776287,0.1401074411038112,410,2025-10-01 00:00:00,670.0,0,Regular
COD004,2025-10-01 11:11:00,48.379662008088744,58.83991230183229,75.75627301776287,0.1401074411038112,410,2025-10-01 00:00:00,671.0,0,Regular
COD004,2025-10-01 11:12:00,71.97395335949513,61.58505136590064,75.75627301776287,0.1401074411038112,410,2025-10-01 00:00:00,672.0,0,Regular
COD004,2025-10-01 11:13:00,80.05516502362637,60.5171262024073,75.75627301776287,0.1401074411038112,410,2025-10-01 00:00:00,673.0,0,Regular
COD004,2025-10-01 11:14:00,81.58826032404181,59.92931930362227,75.75627301776287,0.1401074411038112,410,2025-10-01 00:00:00,674.0,0,Regular
COD004,2025-10-01 11:15:00,75.59938876842926,59.99448023556821,75.75627301776287,0.1401074411038112,410,2025-10-01 00:00:00,675.0,0,Regular
COD004,2025-10-01 11:16:00,78.75643517523979,60.99702642155507,75.75627301776287,0.1401074411038112,410,2025-10-01 00:00:00,676.0,0,Regular
COD004,2025-10-01 11:17:00,81.42799458905353,60.402490947996235,75.75627301776287,0.1401074411038112,410,2025-10-01 00:00:00,677.0,0,Regular
COD004,2025-10-01 11:18:00,61.13785300324179,59.97802590460233,75.75627301776287,0.1401074411038112,410,2025-10-01 00:00:00,678.0,0,Regular
COD004,2025-10-01 11:19:00,72.4674191283684,58.152831772717526,75.75627301776287,0.1401074411038112,410,2025-10-01 00:00:00,679.0,0,Regular
COD004,2025-10-01 11:20:00,88.64063156278168,63.15312103586333,75.75627301776287,0.1401074411038112,410,2025-10-01 00:00:00,680.0,0,Crítico
COD004,2025-10-01 11:21:00,65.47281120015367,58.00914069858827,75.75627301776287,0.1401074411038112,410,2025-10-01 00:00:00,681.0,0,Regular
COD004,2025-10-01 11:22:00,78.67919629529857,58.990491763565444,75.75627301776287,0.1401074411038112,410,2025-10-01 00:00:00,682.0,0,Regular
COD004,2025-10-01 11:23:00,65.28988380057841,57.33567043697849,75.75627301776287,0.1401074411038112,410,2025-10-01 00:00:00,683.0,0,Regular
COD004,2025-10-01 11:24:00,99.33591001481919,60.05098911086005,75.75627301776287,0.1401074411038112,410,2025-10-01 00:00:00,684.0,0,Crítico
COD004,2025-10-01 11:25:00,63.29525742652838,59.57592708710527,75.75627301776287,0.1401074411038112,410,2025-10-01 00:00:00,685.0,0,Regular
COD004,2025-10-01 11:26:00,73.88188413479146,60.33915626444009,75.75627301776287,0.1401074411038112,410,2025-10-01 00:00:00,686.0,0,Regular
COD004,2025-10-01 11:27:00,79.22999909322438,57.24790946657616,75.75627301776287,0.1401074411038112,410,2025-10-01 00:00:00,687.0,0,Regular
COD004,2025-10-01 11:28:00,99.45019623375299,60.77706599150408,75.75627301776287,0.1401074411038112,410,2025-10-01 00:00:00,688.0,0,Crítico
COD004,2025-10-01 11:29:00,79.36683834738457,58.40764443040481,75.75627301776287,0.1401074411038112,410,2025-10-01 00:00:00,689.0,0,Regular
COD004,2025-10-01 11:30:00,92.63520912842618,59.225584160207504,75.75627301776287,0.1401074411038112,410,2025-10-01 00:00:00,690.0,0,Crítico
COD004,2025-10-01 11:31:00,93.70540977749509,60.56529667471104,75.75627301776287,0.1401074411038112,410,2025-10-01 00:00:00,691.0,0,Crítico
COD004,2025-10-01 11:32:00,81.19346813437532,59.74092020820827,75.75627301776287,0.1401074411038112,410,2025-10-01 00:00:00,692.0,0,Regular
COD004,2025-10-01 11:33:00,90.93550898242216,59.83239558666149,75.75627301776287,0.1401074411038112,410,2025-10-01 00:00:00,693.0,0,Crítico
COD004,2025-10-01 11:34:00,58.77171906708672,60.414019608024326,75.75627301776287,0.1401074411038112,410,2025-10-01 00:00:00,694.0,0,Regular
COD004,2025-10-01 11:35:00,69.39098397413066,59.96033981758551,75.75627301776287,0.1401074411038112,410,2025-10-01 00:00:00,695.0,0,Regular
COD004,2025-10-01 11:36:00,62.170135490764565,59.01286521907104,75.75627301776287,0.1401074411038112,410,2025-10-01 00:00:00,696.0,0,Regular
COD004,2025-10-01 11:37:00,85.13406807585501,59.2328387441225,75.75627301776287,0.1401074411038112,410,2025-10-01 00:00:00,697.0,0,Crítico
COD004,2025-10-01 11:38:00,83.75162275255529,59.7045966334349,75.75627301776287,0.1401074411038112,410,2025-10-01 00:00:00,698.0,0,Regular
COD004,2025-10-01 11:39:00,84.59664248196493,58.33992725499798,75.75627301776287,0.1401074411038112,410,2025-10-01 00:00:00,699.0,0,Regular
COD004,2025-10-01 11:40:00,87.02159911795347,60.682021289625645,75.75627301776287,0.1401074411038112,410,2025-10-01 00:00:00,700.0,0,Crítico
COD004,2025-10-01 11:41:00,54.49024448587784,59.8118508450993,75.75627301776287,0.1401074411038112,410,2025-10-01 00:00:00,701.0,0,Regular
COD004,2025-10-01 11:42:00,89.23197420826092,59.551618053772806,75.75627301776287,0.1401074411038112,410,2025-10-01 00:00:00,702.0,0,Crítico
COD004,2025-10-01 11:43:00,76.29259463733499,60.93724033358414,75.75627301776287,0.1401074411038112,410,2025-10-01 00:00:00,703.0,0,Regular
COD004,2025-10-01 11:44:00,100.0,59.318974123612,75.75627301776287,0.1401074411038112,410,2025-10-01 00:00:00,704.0,0,Crítico
COD004,2025-10-01 11:45:00,91.93621153857056,59.24608223414086,75.75627301776287,0.1401074411038112,410,2025-10-01 00:00:00,705.0,0,Crítico
COD004,2025-10-01 11:46:00,71.12367546750335,58.876673434312345,75.75627301776287,0.1401074411038112,410,2025-10-01 00:00:00,706.0,0,Regular
COD004,2025-10-01 11:47:00,80.62005126062348,59.903825409653706,75.75627301776287,0.1401074411038112,410,2025-10-01 00:00:00,707.0,0,Regular
COD004,2025-10-01 11:48:00,75.83603971670095,59.865158920519,75.75627301776287,0.1401074411038112,410,2025-10-01 00:00:00,708.0,0,Regular
COD004,2025-10-01 11:49:00,94.89104916678667,58.664507314791,75.75627301776287,0.1401074411038112,410,2025-10-01 00:00:00,709.0,0,Crítico
COD004,2025-10-01 11:50:00,69.25272185294756,59.272524830909084,75.75627301776287,0.1401074411038112,410,2025-10-01 00:00:00,710.0,0,Regular
COD004,2025-10-01 11:51:00,79.75143806125523,58.68100618273148,75.75627301776287,0.1401074411038112,410,2025-10-01 00:00:00,711.0,0,Regular
COD004,2025-10-01 11:52:00,100.0,58.6291771777053,75.75627301776287,0.1401074411038112,410,2025-10-01 00:00:00,712.0,0,Crítico
COD004,2025-10-01 11:53:00,87.81515732107223,57.36636086660686,75.75627301776287,0.1401074411038112,410,2025-10-01 00:00:00,713.0,0,Crítico
COD004,2025-10-01 11:54:00,89.99469704359615,59.22322951307085,75.75627301776287,0.1401074411038112,410,2025-10-01 00:00:00,714.0,0,Crítico
COD004,2025-10-01 11:55:00,100.0,57.40881898974635,75.75627301776287,0.1401074411038112,410,2025-10-01 00:00:00,715.0,0,Crítico
COD004,2025-10-01 11:56:00,96.05557811890829,58.944834398305616,75.75627301776287,0.1401074411038112,410,2025-10-01 00:00:00,716.0,0,Crítico
COD004,2025-10-01 11:57:00,100.0,58.76370400431654,75.75627301776287,0.1401074411038112,410,2025-10-01 00:00:00,717.0,0,Crítico
COD004,2025-10-01 11:58:00,90.69891359945905,60.825256877401536,75.75627301776287,0.1401074411038112,410,2025-10-01 00:00:00,718.0,0,Crítico
COD004,2025-10-01 11:59:00,67.53952309390803,58.27477516602253,75.75627301776287,0.1401074411038112,410,2025-10-01 00:00:00,719.0,0,Regular
COD004,2025-10-01 12:00:00,96.84459945501976,58.59252821499056,75.75627301776287,0.1401074411038112,410,2025-10-01 00:00:00,720.0,0,Crítico
COD004,2025-10-01 12:01:00,76.62919638823658,59.065910750580464,75.75627301776287,0.1401074411038112,410,2025-10-01 00:00:00,721.0,0,Regular
COD004,2025-10-01 12:02:00,45.34137267823973,58.82453703336382,75.75627301776287,0.1401074411038112,410,2025-10-01 00:00:00,722.0,0,Regular
COD004,2025-10-01 12:03:00,96.84019116108603,61.2381135162347,75.75627301776287,0.1401074411038112,410,2025-10-01 00:00:00,723.0,0,Crítico
COD004,2025-10-01 12:04:00,94.35695985193252,58.14256531353192,75.75627301776287,0.1401074411038112,410,2025-10-01 00:00:00,724.0,0,Crítico
COD004,2025-10-01 12:05:00,81.47680269815947,59.085010625874745,75.75627301776287,0.1401074411038112,410,2025-10-01 00:00:00,725.0,0,Regular
COD004,2025-10-01 12:06:00,98.01294646016355,59.968507234588465,75.75627301776287,0.1401074411038112,410,2025-10-01 00:00:00,726.0,0,Crítico
COD004,2025-10-01 12:07:00,96.8136072917131,60.65133719862117,75.75627301776287,0.1401074411038112,410,2025-10-01 00:00:00,727.0,0,Crítico
COD004,2025-10-01 12:08:00,78.47709060562289,59.09633602349151,75.75627301776287,0.1401074411038112,410,2025-10-01 00:00:00,728.0,0,Regular
COD004,2025-10-01 12:09:00,76.92035157165252,57.199663480398556,75.75627301776287,0.1401074411038112,410,2025-10-01 00:00:00,729.0,0,Regular
COD004,2025-10-01 12:10:00,100.0,59.38902576874156,75.75627301776287,0.1401074411038112,410,2025-10-01 00:00:00,730.0,0,Crítico
COD004,2025-10-01 12:11:00,89.74845165484908,61.24978178318061,75.75627301776287,0.1401074411038112,410,2025-10-01 00:00:00,731.0,0,Crítico
COD004,2025-10-01 12:12:00,87.0920025943982,59.93157822220525,75.75627301776287,0.1401074411038112,410,2025-10-01 00:00:00,732.0,0,Crítico
COD004,2025-10-01 12:13:00,99.94405726858199,59.87912706449813,75.75627301776287,0.1401074411038112,410,2025-10-01 00:00:00,733.0,0,Crítico
COD004,2025-10-01 12:14:00,80.72000549657702,58.27714434903208,75.75627301776287,0.1401074411038112,410,2025-10-01 00:00:00,734.0,0,Regular
COD004,2025-10-01 12:15:00,58.524420002840984,58.15438450102446,75.75627301776287,0.1401074411038112,410,2025-10-01 00:00:00,735.0,0,Regular
COD004,2025-10-01 12:16:00,85.2481747588197,59.621574064333,75.75627301776287,0.1401074411038112,410,2025-10-01 00:00:00,736.0,0,Crítico
COD004,2025-10-01 12:17:00,78.82064187989153,57.84039023868143,75.75627301776287,0.1401074411038112,410,2025-10-01 00:00:00,737.0,0,Regular
COD004,2025-10-01 12:18:00,95.25728523369143,60.57327829346131,75.75627301776287,0.1401074411038112,410,2025-10-01 00:00:00,738.0,0,Crítico
COD004,2025-10-01 12:19:00,70.69379321080007,58.565179823022426,75.75627301776287,0.1401074411038112,410,2025-10-01 00:00:00,739.0,0,Regular
COD004,2025-10-01 12:20:00,89.77353969065618,59.58527818763712,75.75627301776287,0.1401074411038112,410,2025-10-01 00:00:00,740.0,0,Crítico
COD004,2025-10-01 12:21:00,81.1262572035221,57.289066675041006,75.75627301776287,0.1401074411038112,410,2025-10-01 00:00:00,741.0,0,Regular
COD004,2025-10-01 12:22:00,86.79761977826695,59.137255477225075,75.75627301776287,0.1401074411038112,410,2025-10-01 00:00:00,742.0,0,Crítico
COD004,2025-10-01 12:23:00,80.40731163113244,58.16239095036832,75.75627301776287,0.1401074411038112,410,2025-10-01 00:00:00,743.0,0,Regular
COD004,2025-10-01 12:24:00,96.43814641681263,56.76229645478677,75.75627301776287,0.1401074411038112,410,2025-10-01 00:00:00,744.0,0,Crítico
COD004,2025-10-01 12:25:00,88.70714161110573,60.30607140904093,75.75627301776287,0.1401074411038112,410,2025-10-01 00:00:00,745.0,0,Crítico
COD004,2025-10-01 12:26:00,99.357211174415,61.66894777693844,75.75627301776287,0.1401074411038112,410,2025-10-01 00:00:00,746.0,0,Crítico
COD004,2025-10-01 12:27:00,100.0,61.04062394305036,75.75627301776287,0.1401074411038112,410,2025-10-01 00:00:00,747.0,0,Crítico
COD004,2025-10-01 12:28:00,73.15120117059317,60.49128427934235,75.75627301776287,0.1401074411038112,410,2025-10-01 00:00:00,748.0,0,Regular
COD004,2025-10-01 12:29:00,87.5752389525945,59.14098082304056,75.75627301776287,0.1401074411038112,410,2025-10-01 00:00:00,749.0,0,Crítico
COD004,2025-10-01 12:30:00,100.0,60.65303490910635,75.75627301776287,0.1401074411038112,410,2025-10-01 00:00:00,750.0,0,Crítico
COD004,2025-10-01 12:31:00,100.0,61.17375714005837,75.75627301776287,0.1401074411038112,410,2025-10-01 00:00:00,751.0,0,Crítico
COD004,2025-10-01 12:32:00,57.294691300822784,59.83430636809497,75.75627301776287,0.1401074411038112,410,2025-10-01 00:00:00,752.0,0,Regular
COD004,2025-10-01 12:33:00,98.30483373707466,58.20544541364359,75.75627301776287,0.1401074411038112,410,2025-10-01 00:00:00,753.0,0,Crítico
COD004,2025-10-01 12:34:00,100.0,59.056195593562315,75.75627301776287,0.1401074411038112,410,2025-10-01 00:00:00,754.0,0,Crítico
COD004,2025-10-01 12:35:00,94.18127163218153,61.7820874462193,75.75627301776287,0.1401074411038112,410,2025-10-01 00:00:00,755.0,0,Crítico
COD004,2025-10-01 12:36:00,86.68307991780289,59.589290794787644,75.75627301776287,0.1401074411038112,410,2025-10-01 00:00:00,756.0,0,Crítico
COD004,2025-10-01 12:37:00,91.70436955031164,55.57639651681113,75.75627301776287,0.1401074411038112,410,2025-10-01 00:00:00,757.0,0,Crítico
COD004,2025-10-01 12:38:00,100.0,57.8743251855249,75.75627301776287,0.1401074411038112,410,2025-10-01 00:00:00,758.0,0,Crítico
COD004,2025-10-01 12:39:00,94.92469211325493,59.16941598953714,75.75627301776287,0.1401074411038112,410,2025-10-01 00:00:00,759.0,0,Crítico
COD004,2025-10-01 12:40:00,96.17354273019404,60.978434581305365,75.75627301776287,0.1401074411038112,410,2025-10-01 00:00:00,760.0,0,Crítico
COD004,2025-10-01 12:41:00,100.0,59.36469535904631,75.75627301776287,0.1401074411038112,410,2025-10-01 00:00:00,761.0,0,Crítico
COD004,2025-10-01 12:42:00,90.01962753438954,61.0096721121682,75.75627301776287,0.1401074411038112,410,2025-10-01 00:00:00,762.0,0,Crítico
COD004,2025-10-01 12:43:00,100.0,59.06017791763655,75.75627301776287,0.1401074411038112,410,2025-10-01 00:00:00,763.0,0,Crítico
COD004,2025-10-01 12:44:00,85.36408435960728,57.28676902913803,75.75627301776287,0.1401074411038112,410,2025-10-01 00:00:00,764.0,0,Crítico
COD004,2025-10-01 12:45:00,78.92028411458287,59.111184994594026,75.75627301776287,0.1401074411038112,410,2025-10-01 00:00:00,765.0,0,Regular
COD004,2025-10-01 12:46:00,82.50969023512377,60.149226608532466,75.75627301776287,0.1401074411038112,410,2025-10-01 00:00:00,766.0,0,Regular
COD004,2025-10-01 12:47:00,87.19569867349621,60.050765218407115,75.75627301776287,0.1401074411038112,410,2025-10-01 00:00:00,767.0,0,Crítico
COD004,2025-10-01 12:48:00,86.80376021303127,58.17980140854005,75.75627301776287,0.1401074411038112,410,2025-10-01 00:00:00,768.0,0,Crítico
COD004,2025-10-01 12:49:00,79.9588485175635,59.3011560811918,75.75627301776287,0.1401074411038112,410,2025-10-01 00:00:00,769.0,0,Regular
COD004,2025-10-01 12:50:00,79.61659024719151,63.05761194486844,75.75627301776287,0.1401074411038112,410,2025-10-01 00:00:00,770.0,0,Regular
COD004,2025-10-01 12:51:00,99.68312433825997,58.21915431731831,75.75627301776287,0.1401074411038112,410,2025-10-01 00:00:00,771.0,0,Crítico
COD004,2025-10-01 12:52:00,100.0,60.56424870217845,75.75627301776287,0.1401074411038112,410,2025-10-01 00:00:00,772.0,0,Crítico
COD004,2025-10-01 12:53:00,84.31109271713163,57.16022342318898,75.75627301776287,0.1401074411038112,410,2025-10-01 00:00:00,773.0,0,Regular
COD004,2025-10-01 12:54:00,100.0,60.82348128178934,75.75627301776287,0.1401074411038112,410,2025-10-01 00:00:00,774.0,0,Crítico
COD004,2025-10-01 12:55:00,100.0,58.65704040434833,75.75627301776287,0.1401074411038112,410,2025-10-01 00:00:00,775.0,0,Crítico
COD004,2025-10-01 12:56:00,90.14744972595815,60.261055673760076,75.75627301776287,0.1401074411038112,410,2025-10-01 00:00:00,776.0,0,Crítico
COD004,2025-10-01 12:57:00,94.70498058126154,58.17186894283575,75.75627301776287,0.1401074411038112,410,2025-10-01 00:00:00,777.0,0,Crítico
COD004,2025-10-01 12:58:00,100.0,60.13180864763966,75.75627301776287,0.1401074411038112,410,2025-10-01 00:00:00,778.0,0,Crítico
COD004,2025-10-01 12:59:00,67.30921404723117,58.653342821084834,75.75627301776287,0.1401074411038112,410,2025-10-01 00:00:00,779.0,0,Regular
COD004,2025-10-01 13:00:00,100.0,58.896755032474495,75.75627301776287,0.1401074411038112,410,2025-10-01 00:00:00,780.0,0,Crítico
COD004,2025-10-01 13:01:00,100.0,60.33096929052551,75.75627301776287,0.1401074411038112,410,2025-10-01 00:00:00,781.0,0,Crítico
COD004,2025-10-01 13:02:00,93.98289381653105,59.25683813779453,75.75627301776287,0.1401074411038112,410,2025-10-01 00:00:00,782.0,0,Crítico
COD004,2025-10-01 13:03:00,86.8785532723792,60.26306605661661,75.75627301776287,0.1401074411038112,410,2025-10-01 00:00:00,783.0,0,Crítico
COD004,2025-10-01 13:04:00,100.0,59.56115471677807,75.75627301776287,0.1401074411038112,410,2025-10-01 00:00:00,784.0,0,Crítico
COD004,2025-10-01 13:05:00,100.0,59.88457677664288,75.75627301776287,0.1401074411038112,410,2025-10-01 00:00:00,785.0,0,Crítico
COD004,2025-10-01 13:06:00,100.0,60.35540146521405,75.75627301776287,0.1401074411038112,410,2025-10-01 00:00:00,786.0,0,Crítico
COD004,2025-10-01 13:07:00,100.0,59.37677177674661,75.75627301776287,0.1401074411038112,410,2025-10-01 00:00:00,787.0,0,Crítico
COD004,2025-10-01 13:08:00,100.0,58.58239705112305,75.75627301776287,0.1401074411038112,410,2025-10-01 00:00:00,788.0,0,Crítico
COD004,2025-10-01 13:09:00,90.23129475581952,59.15969662593202,75.75627301776287,0.1401074411038112,410,2025-10-01 00:00:00,789.0,0,Crítico
COD004,2025-10-01 13:10:00,100.0,61.29894661289538,75.75627301776287,0.1401074411038112,410,2025-10-01 00:00:00,790.0,0,Crítico
COD004,2025-10-01 13:11:00,86.56922303301036,59.969464518539866,75.75627301776287,0.1401074411038112,410,2025-10-01 00:00:00,791.0,0,Crítico
COD004,2025-10-01 13:12:00,85.97279593454178,58.78570009820591,75.75627301776287,0.1401074411038112,410,2025-10-01 00:00:00,792.0,0,Crítico
COD004,2025-10-01 13:13:00,100.0,60.330443498588465,75.75627301776287,0.1401074411038112,410,2025-10-01 00:00:00,793.0,0,Crítico
COD004,2025-10-01 13:14:00,100.0,60.41707264960603,75.75627301776287,0.1401074411038112,410,2025-10-01 00:00:00,794.0,0,Crítico
COD004,2025-10-01 13:15:00,95.88746723055884,60.48507344430735,75.75627301776287,0.1401074411038112,410,2025-10-01 00:00:00,795.0,0,Crítico
COD004,2025-10-01 13:16:00,100.0,58.63786780696234,75.75627301776287,0.1401074411038112,410,2025-10-01 00:00:00,796.0,0,Crítico
COD004,2025-10-01 13:17:00,100.0,59.007159317683886,75.75627301776287,0.1401074411038112,410,2025-10-01 00:00:00,797.0,0,Crítico
COD004,2025-10-01 13:18:00,100.0,59.01815367516691,75.75627301776287,0.1401074411038112,410,2025-10-01 00:00:00,798.0,0,Crítico
COD004,2025-10-01 13:19:00,97.05913912888917,59.41307376730743,75.75627301776287,0.1401074411038112,410,2025-10-01 00:00:00,799.0,0,Crítico
COD004,2025-10-01 13:20:00,99.14033717996308,60.52905869945891,75.75627301776287,0.1401074411038112,410,2025-10-01 00:00:00,800.0,0,Crítico
COD004,2025-10-01 13:21:00,100.0,60.23315900526879,75.75627301776287,0.1401074411038112,410,2025-10-01 00:00:00,801.0,0,Crítico
COD004,2025-10-01 13:22:00,95.18917365961981,60.3349627456675,75.75627301776287,0.1401074411038112,410,2025-10-01 00:00:00,802.0,0,Crítico
COD004,2025-10-01 13:23:00,100.0,61.548882246592456,75.75627301776287,0.1401074411038112,410,2025-10-01 00:00:00,803.0,0,Crítico
COD004,2025-10-01 13:24:00,100.0,60.730903779180906,75.75627301776287,0.1401074411038112,410,2025-10-01 00:00:00,804.0,0,Crítico
COD004,2025-10-01 13:25:00,100.0,59.708287778126085,75.75627301776287,0.1401074411038112,410,2025-10-01 00:00:00,805.0,0,Crítico
COD004,2025-10-01 13:26:00,100.0,58.42439250902036,75.75627301776287,0.1401074411038112,410,2025-10-01 00:00:00,806.0,0,Crítico
COD004,2025-10-01 13:27:00,96.79873379310041,59.00861448415126,75.75627301776287,0.1401074411038112,410,2025-10-01 00:00:00,807.0,0,Crítico
COD004,2025-10-01 13:28:00,93.92623091877297,59.57244712297096,75.75627301776287,0.1401074411038112,410,2025-10-01 00:00:00,808.0,0,Crítico
COD004,2025-10-01 13:29:00,100.0,60.924839053208686,75.75627301776287,0.1401074411038112,410,2025-10-01 00:00:00,809.0,0,Crítico
COD004,2025-10-01 13:30:00,78.08527459480455,59.87037231606612,75.75627301776287,0.1401074411038112,410,2025-10-01 00:00:00,810.0,0,Regular
COD004,2025-10-01 13:31:00,81.8318798124655,59.09721638637913,75.75627301776287,0.1401074411038112,410,2025-10-01 00:00:00,811.0,0,Regular
COD004,2025-10-01 13:32:00,100.0,59.00653897986239,75.75627301776287,0.1401074411038112,410,2025-10-01 00:00:00,812.0,0,Crítico
COD004,2025-10-01 13:33:00,86.06854089986784,59.83051592039461,75.75627301776287,0.1401074411038112,410,2025-10-01 00:00:00,813.0,0,Crítico
COD004,2025-10-01 13:34:00,100.0,61.02065921352158,75.75627301776287,0.1401074411038112,410,2025-10-01 00:00:00,814.0,0,Crítico
COD004,2025-10-01 13:35:00,100.0,61.89125444855929,75.75627301776287,0.1401074411038112,410,2025-10-01 00:00:00,815.0,0,Crítico
COD004,2025-10-01 13:36:00,100.0,59.67454459945658,75.75627301776287,0.1401074411038112,410,2025-10-01 00:00:00,816.0,0,Crítico
COD004,2025-10-01 13:37:00,100.0,59.877692015198676,75.75627301776287,0.1401074411038112,410,2025-10-01 00:00:00,817.0,0,Crítico
COD004,2025-10-01 13:38:00,100.0,58.43668263781072,75.75627301776287,0.1401074411038112,410,2025-10-01 00:00:00,818.0,0,Crítico
COD004,2025-10-01 13:39:00,100.0,62.338076602028195,75.75627301776287,0.1401074411038112,410,2025-10-01 00:00:00,819.0,0,Crítico
COD004,2025-10-01 13:40:00,100.0,58.21371507866033,75.75627301776287,0.1401074411038112,410,2025-10-01 00:00:00,820.0,0,Crítico
COD004,2025-10-01 13:41:00,100.0,61.397649203982006,75.75627301776287,0.1401074411038112,410,2025-10-01 00:00:00,821.0,0,Crítico
COD004,2025-10-01 13:42:00,100.0,59.50203934869784,75.75627301776287,0.1401074411038112,410,2025-10-01 00:00:00,822.0,0,Crítico
COD004,2025-10-01 13:43:00,100.0,59.21689760023462,75.75627301776287,0.1401074411038112,410,2025-10-01 00:00:00,823.0,0,Crítico
COD004,2025-10-01 13:44:00,100.0,58.58987017177024,75.75627301776287,0.1401074411038112,410,2025-10-01 00:00:00,824.0,0,Crítico
COD004,2025-10-01 13:45:00,100.0,62.94477471728847,75.75627301776287,0.1401074411038112,410,2025-10-01 00:00:00,825.0,0,Crítico
COD004,2025-10-01 13:46:00,100.0,60.24383823299335,75.75627301776287,0.1401074411038112,410,2025-10-01 00:00:00,826.0,0,Crítico
COD004,2025-10-01 13:47:00,100.0,60.00049720688187,75.75627301776287,0.1401074411038112,410,2025-10-01 00:00:00,827.0,0,Crítico
COD004,2025-10-01 13:48:00,85.45215211333822,61.07431578303066,75.75627301776287,0.1401074411038112,410,2025-10-01 00:00:00,828.0,0,Crítico
COD004,2025-10-01 13:49:00,100.0,59.17800533774262,75.75627301776287,0.1401074411038112,410,2025-10-01 00:00:00,829.0,0,Crítico
COD004,2025-10-01 13:50:00,100.0,59.98883618728677,75.75627301776287,0.1401074411038112,410,2025-10-01 00:00:00,830.0,0,Crítico
COD004,2025-10-01 13:51:00,96.76872091325062,60.06030623712103,75.75627301776287,0.1401074411038112,410,2025-10-01 00:00:00,831.0,0,Crítico
COD004,2025-10-01 13:52:00,100.0,59.361782461438956,75.75627301776287,0.1401074411038112,410,2025-10-01 00:00:00,832.0,0,Crítico
COD004,2025-10-01 13:53:00,100.0,61.48166725249504,75.75627301776287,0.1401074411038112,410,2025-10-01 00:00:00,833.0,0,Crítico
COD004,2025-10-01 13:54:00,100.0,59.73277773401231,75.75627301776287,0.1401074411038112,410,2025-10-01 00:00:00,834.0,0,Crítico
COD004,2025-10-01 13:55:00,93.41339291063497,58.08748336865737,75.75627301776287,0.1401074411038112,410,2025-10-01 00:00:00,835.0,0,Crítico
COD004,2025-10-01 13:56:00,100.0,59.63862384530945,75.75627301776287,0.1401074411038112,410,2025-10-01 00:00:00,836.0,0,Crítico
COD004,2025-10-01 13:57:00,100.0,60.323379424859624,75.75627301776287,0.1401074411038112,410,2025-10-01 00:00:00,837.0,0,Crítico
COD004,2025-10-01 13:58:00,91.1475498550521,58.91515694953616,75.75627301776287,0.1401074411038112,410,2025-10-01 00:00:00,838.0,0,Crítico
COD004,2025-10-01 13:59:00,87.2831033528045,59.01679542226258,75.75627301776287,0.1401074411038112,410,2025-10-01 00:00:00,839.0,0,Crítico
COD004,2025-10-01 14:00:00,100.0,59.35257841549746,75.75627301776287,0.1401074411038112,410,2025-10-01 00:00:00,840.0,0,Crítico
